{"_timestamp":1.7755712434879806e+09,"_wandb":{"runtime":109},"_runtime":109.332858942,"_step":4,"loss":0.2788742780685425,"accuracy":0.8853020071983337,"val_loss":0.25635388493537903,"val_accuracy":0.8922693133354187}