{"val_loss":0.23516103625297546,"val_accuracy":0.9072319269180298,"_timestamp":1.775571933645611e+09,"_runtime":210.462386609,"_wandb":{"runtime":210},"_step":9,"loss":0.2172413319349289,"accuracy":0.9136290550231934}